workflow,line_number,weakness_type,evidence
facebook_lexical__.github__workflows__call-npm-publish.yml,32,AIW,Detected usage the GitHub Action `actions/setup-node`
facebookresearch_nevergrad__.github__workflows__every_commit.yml,105,PTW,runs-on: 8-core-ubuntu
google_flax__.github__workflows__flax_test.yml,88,PTW,runs-on: ubuntu-24.04-16core
google_flax__.github__workflows__flax_test.yml,173,PTW,runs-on: ubuntu-24.04-16core
microsoft_autogen__.github__workflows__checks.yml,251,KVCW,Package: actions/download-artifact
microsoft_autogen__.github__workflows__dotnet-build.yml,313,KVCW,Package: actions/download-artifact
microsoft_autogen__.github__workflows__dotnet-build.yml,317,KVCW,Package: actions/download-artifact
microsoft_fluentui__.github__workflows__create-experimental-branch.yml,18,IW,Sources: github.event.inputs.feature-name
microsoft_fluentui__.github__workflows__create-experimental-branch.yml,27,IW,Sources: github.event.inputs.feature-name
microsoft_msquic__.github__workflows__build-reuse-winkernel.yml,76,AIW,Detected usage of `msbuild`
microsoft_msquic__.github__workflows__build-reuse-winkernel.yml,80,AIW,Detected usage of `msbuild`
microsoft_msquic__.github__workflows__build-reuse-winkernel.yml,84,AIW,Detected usage of `msbuild`
microsoft_msquic__.github__workflows__build-reuse-winkernel.yml,71,AIW,Detected usage of `powershell`
microsoft_msquic__.github__workflows__build-reuse-winkernel.yml,87,AIW,Detected usage of `powershell`
